venue_slug,beer_slug,venue_id,venue_name,primary_category_key,primary_category,parent_category_id,categories,location,contact,foursquare,venue_icon,is_verified,user_name,bid,beer_name,beer_label,beer_abv,beer_ibu,beer_description,beer_style,has_had,beer_active,checkin_id,created_at,rating_score,0,twitter,venue_url,0,lat,lng,venue_address,venue_city,venue_country,venue_state,user_names,total_rating,n_checkins,last_checkin,can_code
elm-street-taproom,fab-fermentation-arts-atfabcans-tales-of-the-mosaic-marvel-fabmosaic,8480496,Elm Street Taproom,Food,Food,4d4b7105d754a06374d81259,"{'count': 2, 'items': [{'category_key': 'restaurant', 'category_name': 'Restaurant', 'category_id': '4bf58dd8d48988d1c4941735', 'is_primary': True}, {'category_key': 'beer_bar', 'category_name': 'Beer Bar', 'category_id': '56aa371ce4b08b9a8d57356c', 'is_primary': False}]}","{'venue_address': '256 Elm St', 'venue_city': 'Somerville', 'venue_state': 'MA', 'venue_country': 'United States', 'lat': 42.3955, 'lng': -71.1223}","{'twitter': '@ElmStTapRoom', 'venue_url': 'https://www.elmstreettaproom.com/'}","{'foursquare_id': '5c0aebf8dd70c5003984e025', 'foursquare_url': 'https://4sq.com/2G3kA0P'}","{'sm': 'https://untappd.akamaized.net/venuelogos/venue_8480496_df2a2c32_bg_64.png', 'md': 'https://untappd.akamaized.net/venuelogos/venue_8480496_df2a2c32_bg_88.png', 'lg': 'https://untappd.akamaized.net/venuelogos/venue_8480496_df2a2c32_bg_176.png?v=1'}",True,TXgypsy,3914666,Tales of the Mosaic Marvel... #fabmosaic,https://untappd.akamaized.net/site/beer_logos/beer-3914666_13c8a_sm.jpeg,7.5,0,"Lemon and peach gummies with over-ripe strawberry aroma. Near purple drink notes are prominent. Honey nut cheerios malt aroma. Yeast esters underline and melds with Mosaic’s fruit candy notes. Medium body, with fruit-cocktail flavors. Tangy fruitiness lingers with little to no bitterness.",IPA - New England,False,1,953374416,"Wed, 14 Oct 2020 23:43:18 +0000",3.25,,@ElmStTapRoom,https://www.elmstreettaproom.com/,,42.3955,-71.1223,256 Elm St,Somerville,United States,MA,"TXgypsy,thehermit,emmaperrow,Vectorsmitty",13.75,4,2020-10-25 23:13:34+00:00,marvel
beer-garden-worcester,fab-fermentation-arts-atfabcans-johnny-get-your-ray-gun-fabraygun,8251165,Beer Garden Worcester,Nightlife Spot,Nightlife Spot,4d4b7105d754a06376d81259,"{'count': 4, 'items': [{'category_key': 'beer_garden', 'category_name': 'Beer Garden', 'category_id': '4bf58dd8d48988d117941735', 'is_primary': True}, {'category_key': 'beer_bar', 'category_name': 'Beer Bar', 'category_id': '56aa371ce4b08b9a8d57356c', 'is_primary': False}, {'category_key': 'gastropub', 'category_name': 'Gastropub', 'category_id': '4bf58dd8d48988d155941735', 'is_primary': False}, {'category_key': 'music_venue', 'category_name': 'Music Venue', 'category_id': '4bf58dd8d48988d1e5931735', 'is_primary': False}]}","{'venue_address': '64 Franklin St', 'venue_city': 'Worcester', 'venue_state': 'MA', 'venue_country': 'United States', 'lat': 42.2614, 'lng': -71.8009}","{'twitter': '', 'venue_url': 'http://www.beergardenma.com'}","{'foursquare_id': '5ba67f48db1d81002cf51512', 'foursquare_url': 'https://4sq.com/2QQGupl'}","{'sm': 'https://untappd.akamaized.net/venuelogos/venue_8251165_295d750d_bg_64.png', 'md': 'https://untappd.akamaized.net/venuelogos/venue_8251165_295d750d_bg_88.png', 'lg': 'https://untappd.akamaized.net/venuelogos/venue_8251165_295d750d_bg_176.png?v=1'}",True,ts1900,3684332,Johnny Get Your Ray Gun ... #fabraygun,https://untappd.akamaized.net/site/beer_logos/beer-3684332_5404a_sm.jpeg,9.0,0,Get in the jeep... and grab your raygun! This is the Double Dry-hopped version of TREMENDOUS.,IPA - Imperial / Double New England,False,1,953510370,"Thu, 15 Oct 2020 18:18:56 +0000",4.0,,,http://www.beergardenma.com,,42.2614,-71.8009,64 Franklin St,Worcester,United States,MA,"ts1900,DiamondDaveRoth,lauren_sx3,xXOGSHEPXx",16.25,4,2020-10-23 22:30:46+00:00,raygun
taphouse-15,fab-fermentation-arts-atfabcans-chaos-2020-fabshog2020,3922538,Taphouse 15,Food,Food,4d4b7105d754a06374d81259,"{'count': 1, 'items': [{'category_key': 'bistro', 'category_name': 'Bistro', 'category_id': '52e81612bcbc57f1066b79f1', 'is_primary': True}]}","{'venue_address': '75 NJ-15', 'venue_city': 'Wharton', 'venue_state': 'NJ', 'venue_country': 'United States', 'lat': 40.9308, 'lng': -74.5904}","{'twitter': '@taphouse15', 'venue_url': 'http://taphouse15.com'}","{'foursquare_id': '5613f888498e99c1750174db', 'foursquare_url': 'http://4sq.com/1NjOaeN'}","{'sm': 'https://untappd.akamaized.net/venuelogos/venue_3922538_b47ee5ee_bg_64.png', 'md': 'https://untappd.akamaized.net/venuelogos/venue_3922538_b47ee5ee_bg_88.png', 'lg': 'https://untappd.akamaized.net/venuelogos/venue_3922538_b47ee5ee_bg_176.png?v=1'}",True,Beersbythecreek,3872850,Chaos 2020... #fabshog2020,https://untappd.akamaized.net/site/beer_logos/beer-3872850_64e47_sm.jpeg,13.0,0,"""Strawberry banana, juicyfruit yeast ester. Smells a little like milkshake ipa. Sweet vanilla spice flavor. Creamy and thick. Deep blood orange develops after creamsicle pineapple. Not boozy, slowly warms the throat.""
 -- as written by our customer Stefan 


can artists:
@septictheoutlaw
@adam_oday
",IPA - Triple New England,False,1,953585286,"Thu, 15 Oct 2020 21:30:06 +0000",4.0,,@taphouse15,http://taphouse15.com,,40.9308,-74.5904,75 NJ-15,Wharton,United States,NJ,"Beersbythecreek,Duckdeath",8.0,2,2020-10-25 00:33:54+00:00,
bisq,fab-fermentation-arts-atfabcans-squid-pro-quo-fabspq,2981437,bisq,Food,Food,4d4b7105d754a06374d81259,"{'count': 1, 'items': [{'category_key': 'new_american_restaurant', 'category_name': 'New American Restaurant', 'category_id': '4bf58dd8d48988d157941735', 'is_primary': True}]}","{'venue_address': '1071 Cambridge St.', 'venue_city': 'Cambridge', 'venue_state': 'MA', 'venue_country': 'United States', 'lat': 42.3731, 'lng': -71.0951}","{'twitter': '', 'venue_url': 'http://www.bisqcambridge.com'}","{'foursquare_id': '556a4c99498e4b2afe5c1e7a', 'foursquare_url': 'http://4sq.com/1BxYYMk'}","{'sm': 'https://ss3.4sqi.net/img/categories_v2/food/newamerican_bg_64.png', 'md': 'https://ss3.4sqi.net/img/categories_v2/food/newamerican_bg_88.png', 'lg': 'https://ss3.4sqi.net/img/categories_v2/food/newamerican_bg_512.png'}",False,zgordo33,3568228,Squid Pro Quo ... #fabspq,https://untappd.akamaized.net/site/beer_logos/beer-3568228_f2747_sm.jpeg,8.0,40,"Chico fermented. West coast style.

Fermented with classic California ale yeast, SQP has a smoothly integrated citrus hop flavor happiness coming from a substantial bill of Citra and Simcoe hops added early in the mash and in multiple rounds of dry hopping. Naturally carbonated, Squid Pro Quo is capped after the last round of dry hopping to capture maximum hop aroma and create a fine, champagne-like carbonation.",IPA - American,False,1,953593110,"Thu, 15 Oct 2020 21:49:50 +0000",4.0,,,http://www.bisqcambridge.com,,42.3731,-71.0951,1071 Cambridge St.,Cambridge,United States,MA,zgordo33,4.0,1,2020-10-15 21:49:50+00:00,
bisq,fab-fermentation-arts-atfabcans-atlantis-will-prevail-fabatlantis,2981437,bisq,Food,Food,4d4b7105d754a06374d81259,"{'count': 1, 'items': [{'category_key': 'new_american_restaurant', 'category_name': 'New American Restaurant', 'category_id': '4bf58dd8d48988d157941735', 'is_primary': True}]}","{'venue_address': '1071 Cambridge St.', 'venue_city': 'Cambridge', 'venue_state': 'MA', 'venue_country': 'United States', 'lat': 42.3731, 'lng': -71.0951}","{'twitter': '', 'venue_url': 'http://www.bisqcambridge.com'}","{'foursquare_id': '556a4c99498e4b2afe5c1e7a', 'foursquare_url': 'http://4sq.com/1BxYYMk'}","{'sm': 'https://ss3.4sqi.net/img/categories_v2/food/newamerican_bg_64.png', 'md': 'https://ss3.4sqi.net/img/categories_v2/food/newamerican_bg_88.png', 'lg': 'https://ss3.4sqi.net/img/categories_v2/food/newamerican_bg_512.png'}",False,zgordo33,3703391,Atlantis Will Prevail ... #fabatlantis,https://untappd.akamaized.net/site/beer_logos/beer-3703391_e90cf_sm.jpeg,9.0,0,"Hazy, Juicy New England 2xIPA (9%). Mosaic and Citra dry-hopped. Delicately funky, from hot fermentations of Norwegian Ale Yeast in equal-input collaboration with Oslo Brewing Co., AWPTBTS is a one-of-a-kind New England 2xIPA. Mosaic and Citra hops are added at multiple stages, starting in the earliest steps of the mash continuing through multiple rounds of dry-hopping during vigorous fermentation to create suspension of fine haze and juicy flavor. The beer is capped 24 hours before the end of fermentation in order to capture naturally occurring carbon dioxide and maximize flavor and aroma potential. This creates a fine, prickly carbonation and a delicious champagne-like effervescence. The balanced grain bill comprised of golden promise and pilsner malts provide a delicate sweetness balancing delicious hop character, complimenting delicate funkiness, massive tropical juiciness, New England haze, and a crisp clean finish for a 9% ABV Norwegian-American monster.

Proceeds from every purchase are invested in the FAB Conservation Fund to preserve the oceans and earth.",IPA - Imperial / Double New England,False,1,953607019,"Thu, 15 Oct 2020 22:23:26 +0000",4.0,,,http://www.bisqcambridge.com,,42.3731,-71.0951,1071 Cambridge St.,Cambridge,United States,MA,zgordo33,4.0,1,2020-10-15 22:23:26+00:00,
wework-fort-point,fab-fermentation-arts-atfabcans-squid-3d-citra-mosaic-and-centennial,1701644,WeWork Fort Point,Professional & Other Places,Professional & Other Places,4d4b7105d754a06375d81259,"{'count': 1, 'items': [{'category_key': 'coworking_space', 'category_name': 'Coworking Space', 'category_id': '4bf58dd8d48988d174941735', 'is_primary': True}]}","{'venue_address': '51 Melcher St', 'venue_city': 'Boston', 'venue_state': 'MA', 'venue_country': 'United States', 'lat': 42.3491, 'lng': -71.05}","{'twitter': '@weworkbos', 'venue_url': 'https://www.wework.com'}","{'foursquare_id': '5237d76693cd6b998ac9a61b', 'foursquare_url': 'http://4sq.com/1eYitV8'}","{'sm': 'https://ss3.4sqi.net/img/categories_v2/building/office_coworkingspace_bg_64.png', 'md': 'https://ss3.4sqi.net/img/categories_v2/building/office_coworkingspace_bg_88.png', 'lg': 'https://ss3.4sqi.net/img/categories_v2/building/office_coworkingspace_bg_512.png'}",False,woltz86,3998726,"Squid 3D (Citra, Mosaic & Centennial)",https://untappd.akamaized.net/site/assets/images/temp/badge-beer-default.png,6.0,0,"A new IPA featuring an ever-changing multi-dimensional recipe design process is coming out this week. This first batch features all Citra and Mosaic cryo dry hops plus some Centennial hops added continuously in the boil. This will be our first beer using these methods, which we've been experimenting with in small batches to create a robust, balanced bitterness, under popping New England hop aromas.",IPA - New England,False,1,953649890,"Thu, 15 Oct 2020 23:57:51 +0000",4.0,,@weworkbos,https://www.wework.com,,42.3491,-71.05,51 Melcher St,Boston,United States,MA,woltz86,4.0,1,2020-10-15 23:57:51+00:00,
bergamot,fab-fermentation-arts-atfabcans-atlantis-will-prevail-fabatlantis,94595,Bergamot,Food,Food,4d4b7105d754a06374d81259,"{'count': 1, 'items': [{'category_key': 'new_american_restaurant', 'category_name': 'New American Restaurant', 'category_id': '4bf58dd8d48988d157941735', 'is_primary': True}]}","{'venue_address': '118 Beacon St', 'venue_city': 'Somerville', 'venue_state': 'MA', 'venue_country': 'United States', 'lat': 42.3782, 'lng': -71.1063}","{'twitter': '@bergamotbuzz', 'venue_url': 'http://www.bergamotrestaurant.com'}","{'foursquare_id': '4bab70baf964a520aea93ae3', 'foursquare_url': 'http://4sq.com/ctuyV9'}","{'sm': 'https://ss3.4sqi.net/img/categories_v2/food/newamerican_bg_64.png', 'md': 'https://ss3.4sqi.net/img/categories_v2/food/newamerican_bg_88.png', 'lg': 'https://ss3.4sqi.net/img/categories_v2/food/newamerican_bg_512.png'}",False,theadambaker,3703391,Atlantis Will Prevail ... #fabatlantis,https://untappd.akamaized.net/site/beer_logos/beer-3703391_e90cf_sm.jpeg,9.0,0,"Hazy, Juicy New England 2xIPA (9%). Mosaic and Citra dry-hopped. Delicately funky, from hot fermentations of Norwegian Ale Yeast in equal-input collaboration with Oslo Brewing Co., AWPTBTS is a one-of-a-kind New England 2xIPA. Mosaic and Citra hops are added at multiple stages, starting in the earliest steps of the mash continuing through multiple rounds of dry-hopping during vigorous fermentation to create suspension of fine haze and juicy flavor. The beer is capped 24 hours before the end of fermentation in order to capture naturally occurring carbon dioxide and maximize flavor and aroma potential. This creates a fine, prickly carbonation and a delicious champagne-like effervescence. The balanced grain bill comprised of golden promise and pilsner malts provide a delicate sweetness balancing delicious hop character, complimenting delicate funkiness, massive tropical juiciness, New England haze, and a crisp clean finish for a 9% ABV Norwegian-American monster.

Proceeds from every purchase are invested in the FAB Conservation Fund to preserve the oceans and earth.",IPA - Imperial / Double New England,False,1,953659927,"Fri, 16 Oct 2020 00:19:51 +0000",3.75,,@bergamotbuzz,http://www.bergamotrestaurant.com,,42.3782,-71.1063,118 Beacon St,Somerville,United States,MA,theadambaker,3.75,1,2020-10-16 00:19:51+00:00,
beer-bones,fab-fermentation-arts-atfabcans-cosmic-plankton,7454563,Beer Bones Taproom,Shop & Service,Shop & Service,4d4b7105d754a06378d81259,"{'count': 2, 'items': [{'category_key': 'beer_store', 'category_name': 'Beer Store', 'category_id': '5370f356bcbc57f1066c94c2', 'is_primary': True}, {'category_key': 'beer_bar', 'category_name': 'Beer Bar', 'category_id': '56aa371ce4b08b9a8d57356c', 'is_primary': False}]}","{'venue_address': '594 Loudon Rd', 'venue_city': 'Latham', 'venue_state': 'NY', 'venue_country': 'United States', 'lat': 42.7279, 'lng': -73.761}","{'twitter': '', 'venue_url': 'https://beerbonestaproom.com/'}","{'foursquare_id': '5a8eb4b592e7a97e7eff83ed', 'foursquare_url': 'http://4sq.com/2BH4K8m'}","{'sm': 'https://untappd.akamaized.net/venuelogos/venue_7454563_a6b6eccc_bg_64.png', 'md': 'https://untappd.akamaized.net/venuelogos/venue_7454563_a6b6eccc_bg_88.png', 'lg': 'https://untappd.akamaized.net/venuelogos/venue_7454563_a6b6eccc_bg_176.png?v=1'}",True,bokheehungry,3999010,Cosmic Plankton,https://untappd.akamaized.net/site/assets/images/temp/badge-beer-default.png,4.0,0,Tart ale w/ pink guava & blood orange,Sour - Fruited Gose,False,1,953959566,"Fri, 16 Oct 2020 20:11:55 +0000",4.75,,,https://beerbonestaproom.com/,,42.7279,-73.761,594 Loudon Rd,Latham,United States,NY,"bokheehungry,kilmer1083",9.25,2,2020-10-16 20:15:50+00:00,
cloverleaf-tavern,fab-fermentation-arts-atfabcans-atlantis-will-prevail-fabatlantis,13304,Cloverleaf Tavern,Nightlife Spot,Nightlife Spot,4d4b7105d754a06376d81259,"{'count': 3, 'items': [{'category_key': 'pub', 'category_name': 'Pub', 'category_id': '4bf58dd8d48988d11b941735', 'is_primary': True}, {'category_key': 'american_restaurant', 'category_name': 'American Restaurant', 'category_id': '4bf58dd8d48988d14e941735', 'is_primary': False}, {'category_key': 'bar', 'category_name': 'Bar', 'category_id': '4bf58dd8d48988d116941735', 'is_primary': False}]}","{'venue_address': '395 Bloomfield Ave', 'venue_city': 'Caldwell', 'venue_state': 'NJ', 'venue_country': 'United States', 'lat': 40.8412, 'lng': -74.2786}","{'twitter': '@cloverleafinfo', 'venue_url': 'http://www.cloverleaftavern.com'}","{'foursquare_id': '4aa44f15f964a520534620e3', 'foursquare_url': 'http://4sq.com/aK8kUH'}","{'sm': 'https://untappd.akamaized.net/venuelogos/venue_13304_a142d73e_bg_64.png', 'md': 'https://untappd.akamaized.net/venuelogos/venue_13304_a142d73e_bg_88.png', 'lg': 'https://untappd.akamaized.net/venuelogos/venue_13304_a142d73e_bg_176.png?v=1'}",True,storm47,3703391,Atlantis Will Prevail ... #fabatlantis,https://untappd.akamaized.net/site/beer_logos/beer-3703391_e90cf_sm.jpeg,9.0,0,"Hazy, Juicy New England 2xIPA (9%). Mosaic and Citra dry-hopped. Delicately funky, from hot fermentations of Norwegian Ale Yeast in equal-input collaboration with Oslo Brewing Co., AWPTBTS is a one-of-a-kind New England 2xIPA. Mosaic and Citra hops are added at multiple stages, starting in the earliest steps of the mash continuing through multiple rounds of dry-hopping during vigorous fermentation to create suspension of fine haze and juicy flavor. The beer is capped 24 hours before the end of fermentation in order to capture naturally occurring carbon dioxide and maximize flavor and aroma potential. This creates a fine, prickly carbonation and a delicious champagne-like effervescence. The balanced grain bill comprised of golden promise and pilsner malts provide a delicate sweetness balancing delicious hop character, complimenting delicate funkiness, massive tropical juiciness, New England haze, and a crisp clean finish for a 9% ABV Norwegian-American monster.

Proceeds from every purchase are invested in the FAB Conservation Fund to preserve the oceans and earth.",IPA - Imperial / Double New England,False,1,953968015,"Fri, 16 Oct 2020 20:22:16 +0000",3.75,,@cloverleafinfo,http://www.cloverleaftavern.com,,40.8412,-74.2786,395 Bloomfield Ave,Caldwell,United States,NJ,storm47,3.75,1,2020-10-16 20:22:16+00:00,
bread-brine,fab-fermentation-arts-atfabcans-atlantis-will-prevail-fabatlantis,5735318,Bread & Brine,Food,Food,4d4b7105d754a06374d81259,"{'count': 1, 'items': [{'category_key': 'seafood_restaurant', 'category_name': 'Seafood Restaurant', 'category_id': '4bf58dd8d48988d1ce941735', 'is_primary': True}]}","{'venue_address': '19 Main St', 'venue_city': 'Hastings-on-Hudson', 'venue_state': 'NY', 'venue_country': 'United States', 'lat': 40.9943, 'lng': -73.8816}","{'twitter': '', 'venue_url': 'https://www.breadandbrinehoh.com'}","{'foursquare_id': '585b15648ab03f69fec6c42b', 'foursquare_url': 'http://4sq.com/2i2tKKH'}","{'sm': 'https://ss3.4sqi.net/img/categories_v2/food/seafood_bg_64.png', 'md': 'https://ss3.4sqi.net/img/categories_v2/food/seafood_bg_88.png', 'lg': 'https://ss3.4sqi.net/img/categories_v2/food/seafood_bg_512.png'}",False,Vito,3703391,Atlantis Will Prevail ... #fabatlantis,https://untappd.akamaized.net/site/beer_logos/beer-3703391_e90cf_sm.jpeg,9.0,0,"Hazy, Juicy New England 2xIPA (9%). Mosaic and Citra dry-hopped. Delicately funky, from hot fermentations of Norwegian Ale Yeast in equal-input collaboration with Oslo Brewing Co., AWPTBTS is a one-of-a-kind New England 2xIPA. Mosaic and Citra hops are added at multiple stages, starting in the earliest steps of the mash continuing through multiple rounds of dry-hopping during vigorous fermentation to create suspension of fine haze and juicy flavor. The beer is capped 24 hours before the end of fermentation in order to capture naturally occurring carbon dioxide and maximize flavor and aroma potential. This creates a fine, prickly carbonation and a delicious champagne-like effervescence. The balanced grain bill comprised of golden promise and pilsner malts provide a delicate sweetness balancing delicious hop character, complimenting delicate funkiness, massive tropical juiciness, New England haze, and a crisp clean finish for a 9% ABV Norwegian-American monster.

Proceeds from every purchase are invested in the FAB Conservation Fund to preserve the oceans and earth.",IPA - Imperial / Double New England,False,1,954474678,"Sat, 17 Oct 2020 18:10:04 +0000",5.0,,,https://www.breadandbrinehoh.com,,40.9943,-73.8816,19 Main St,Hastings-on-Hudson,United States,NY,Vito,5.0,1,2020-10-17 18:10:04+00:00,
field-and-vine,fab-fermentation-arts-atfabcans-pilsner-4-peace-fabp4p,6818213,Field and Vine,Food,Food,4d4b7105d754a06374d81259,"{'count': 1, 'items': [{'category_key': 'new_american_restaurant', 'category_name': 'New American Restaurant', 'category_id': '4bf58dd8d48988d157941735', 'is_primary': True}]}","{'venue_address': 'Sanborn Ct', 'venue_city': 'Somerville', 'venue_state': 'MA', 'venue_country': 'United States', 'lat': 42.3799, 'lng': -71.0945}","{'twitter': '', 'venue_url': 'https://www.fieldandvinesomerville.com'}","{'foursquare_id': '59b5d0611499466c7a7f783f', 'foursquare_url': 'http://4sq.com/2vYYhUk'}","{'sm': 'https://ss3.4sqi.net/img/categories_v2/food/newamerican_bg_64.png', 'md': 'https://ss3.4sqi.net/img/categories_v2/food/newamerican_bg_88.png', 'lg': 'https://ss3.4sqi.net/img/categories_v2/food/newamerican_bg_512.png'}",False,BkBryant23,3657979,Pilsner 4 Peace ... #fabp4p,https://untappd.akamaized.net/site/beer_logos/beer-3657979_7e349_sm.jpeg,5.0,35,"American-style Pilsner, with subtle layers of Mandarina Bavaria and Citra hops, created in partnership between brewers and international, activist artists. In-keeping with the American Pilsner style, P4P's assertive hoppiness is infused in multiple stages of mash and biotransformational, ""High Krausen"" dry-hopping. Clean and easy-drinking, with some sweetness and counter-balancing bitterness, the PILSNER 4 PEACE is envisioned as an international open-source collaboration beer. Participating breweries are invited to collaborate on this open recipe, and all they have to do is pay local artists a fair price to contribute to our global art series.",Pilsner - Other,False,1,954673436,"Sat, 17 Oct 2020 21:05:03 +0000",0.0,,,https://www.fieldandvinesomerville.com,,42.3799,-71.0945,Sanborn Ct,Somerville,United States,MA,BkBryant23,0.0,1,2020-10-17 21:05:03+00:00,p4p
lake-george-tavern,fab-fermentation-arts-atfabcans-johnny-get-your-ray-gun-fabraygun,7948486,Lake George Tavern,Food,Food,4d4b7105d754a06374d81259,"{'count': 4, 'items': [{'category_key': 'restaurant', 'category_name': 'Restaurant', 'category_id': '4bf58dd8d48988d1c4941735', 'is_primary': True}, {'category_key': 'pool_hall', 'category_name': 'Pool Hall', 'category_id': '4bf58dd8d48988d1e3931735', 'is_primary': False}, {'category_key': 'sports_bar', 'category_name': 'Sports Bar', 'category_id': '4bf58dd8d48988d11d941735', 'is_primary': False}, {'category_key': 'taverna', 'category_name': 'Taverna', 'category_id': '53d6c1b0e4b02351e88a83d2', 'is_primary': False}]}","{'venue_address': '2 Main St', 'venue_city': 'Wales', 'venue_state': 'MA', 'venue_country': 'United States', 'lat': 42.0639, 'lng': -72.2227}","{'twitter': '', 'venue_url': 'https://www.facebook.com/LakeGeorgeTavern/'}","{'foursquare_id': '5b456b1db23dfa002c4001c9', 'foursquare_url': 'https://4sq.com/2m56fEa'}","{'sm': 'https://untappd.akamaized.net/venuelogos/venue_7948486_e177aef6_bg_64.png', 'md': 'https://untappd.akamaized.net/venuelogos/venue_7948486_e177aef6_bg_88.png', 'lg': 'https://untappd.akamaized.net/venuelogos/venue_7948486_e177aef6_bg_176.png?v=1'}",True,rmustion,3684332,Johnny Get Your Ray Gun ... #fabraygun,https://untappd.akamaized.net/site/beer_logos/beer-3684332_5404a_sm.jpeg,9.0,0,Get in the jeep... and grab your raygun! This is the Double Dry-hopped version of TREMENDOUS.,IPA - Imperial / Double New England,False,1,954809421,"Sat, 17 Oct 2020 23:33:50 +0000",4.5,,,https://www.facebook.com/LakeGeorgeTavern/,,42.0639,-72.2227,2 Main St,Wales,United States,MA,rmustion,4.5,1,2020-10-17 23:33:50+00:00,raygun
five-horses-tavern,fab-fermentation-arts-atfabcans-tales-of-the-mosaic-marvel-fabmosaic,951095,Five Horses Tavern South,Food,Food,4d4b7105d754a06374d81259,"{'count': 1, 'items': [{'category_key': 'american_restaurant', 'category_name': 'American Restaurant', 'category_id': '4bf58dd8d48988d14e941735', 'is_primary': True}]}","{'venue_address': '535 Columbus Ave.', 'venue_city': 'Boston', 'venue_state': 'MA', 'venue_country': 'United States', 'lat': 42.3417, 'lng': -71.0806}","{'twitter': '@5HorsesSouth', 'venue_url': 'http://www.fivehorsestavern.com/boston/'}","{'foursquare_id': '51858fa4498e846a1ece9c38', 'foursquare_url': 'http://4sq.com/15gM3mj'}","{'sm': 'https://untappd.akamaized.net/venuelogos/venue_951095_dcf1dea5_bg_64.png', 'md': 'https://untappd.akamaized.net/venuelogos/venue_951095_dcf1dea5_bg_88.png', 'lg': 'https://untappd.akamaized.net/venuelogos/venue_951095_dcf1dea5_bg_176.png?v=1'}",True,ejlmansor,3914666,Tales of the Mosaic Marvel... #fabmosaic,https://untappd.akamaized.net/site/beer_logos/beer-3914666_13c8a_sm.jpeg,7.5,0,"Lemon and peach gummies with over-ripe strawberry aroma. Near purple drink notes are prominent. Honey nut cheerios malt aroma. Yeast esters underline and melds with Mosaic’s fruit candy notes. Medium body, with fruit-cocktail flavors. Tangy fruitiness lingers with little to no bitterness.",IPA - New England,False,1,955205396,"Sun, 18 Oct 2020 20:31:51 +0000",3.75,,@5HorsesSouth,http://www.fivehorsestavern.com/boston/,,42.3417,-71.0806,535 Columbus Ave.,Boston,United States,MA,"ejlmansor,DuffMan313,OldBay65,pmirish47,Bjb217",19.5,5,2020-10-21 16:29:39+00:00,marvel
district-kitchen-and-bar,fab-fermentation-arts-atfabcans-johnny-get-your-ray-gun-fabraygun,3282768,District Kitchen and Bar,Food,Food,4d4b7105d754a06374d81259,"{'count': 1, 'items': [{'category_key': 'bistro', 'category_name': 'Bistro', 'category_id': '52e81612bcbc57f1066b79f1', 'is_primary': True}]}","{'venue_address': '40 West St', 'venue_city': 'Pittsfield', 'venue_state': 'MA', 'venue_country': 'United States', 'lat': 42.4487, 'lng': -73.2546}","{'twitter': '', 'venue_url': 'http://www.district.kitchen'}","{'foursquare_id': '55ac3dbf498e15ff2cc265de', 'foursquare_url': 'http://4sq.com/1TLben0'}","{'sm': 'https://ss3.4sqi.net/img/categories_v2/food/default_bg_64.png', 'md': 'https://ss3.4sqi.net/img/categories_v2/food/default_bg_88.png', 'lg': 'https://ss3.4sqi.net/img/categories_v2/food/default_bg_512.png'}",False,PoJoe76,3684332,Johnny Get Your Ray Gun ... #fabraygun,https://untappd.akamaized.net/site/beer_logos/beer-3684332_5404a_sm.jpeg,9.0,0,Get in the jeep... and grab your raygun! This is the Double Dry-hopped version of TREMENDOUS.,IPA - Imperial / Double New England,False,1,955669213,"Tue, 20 Oct 2020 23:06:34 +0000",3.5,,,http://www.district.kitchen,,42.4487,-73.2546,40 West St,Pittsfield,United States,MA,PoJoe76,3.5,1,2020-10-20 23:06:34+00:00,raygun
the-ale-house,fab-fermentation-arts-atfabcans-atlantis-will-prevail-fabatlantis,3292,Ale House,Nightlife Spot,Nightlife Spot,4d4b7105d754a06376d81259,"{'count': 3, 'items': [{'category_key': 'bar', 'category_name': 'Bar', 'category_id': '4bf58dd8d48988d116941735', 'is_primary': True}, {'category_key': 'pub', 'category_name': 'Pub', 'category_id': '4bf58dd8d48988d11b941735', 'is_primary': False}, {'category_key': 'beer_bar', 'category_name': 'Beer Bar', 'category_id': '56aa371ce4b08b9a8d57356c', 'is_primary': False}]}","{'venue_address': '3744 Vestal Pkwy E', 'venue_city': 'Vestal', 'venue_state': 'NY', 'venue_country': 'United States', 'lat': 42.096, 'lng': -75.9807}","{'twitter': '@AleHouseVestal', 'venue_url': 'beerjoint.com'}","{'foursquare_id': '4b0e10e0f964a520865423e3', 'foursquare_url': 'http://4sq.com/bzqtYW'}","{'sm': 'https://untappd.akamaized.net/venuelogos/venue_3292_8d2f3510_bg_64.png', 'md': 'https://untappd.akamaized.net/venuelogos/venue_3292_8d2f3510_bg_88.png', 'lg': 'https://untappd.akamaized.net/venuelogos/venue_3292_8d2f3510_bg_176.png?v=1'}",True,Bearded-Beerist,3703391,Atlantis Will Prevail ... #fabatlantis,https://untappd.akamaized.net/site/beer_logos/beer-3703391_e90cf_sm.jpeg,9.0,0,"Hazy, Juicy New England 2xIPA (9%). Mosaic and Citra dry-hopped. Delicately funky, from hot fermentations of Norwegian Ale Yeast in equal-input collaboration with Oslo Brewing Co., AWPTBTS is a one-of-a-kind New England 2xIPA. Mosaic and Citra hops are added at multiple stages, starting in the earliest steps of the mash continuing through multiple rounds of dry-hopping during vigorous fermentation to create suspension of fine haze and juicy flavor. The beer is capped 24 hours before the end of fermentation in order to capture naturally occurring carbon dioxide and maximize flavor and aroma potential. This creates a fine, prickly carbonation and a delicious champagne-like effervescence. The balanced grain bill comprised of golden promise and pilsner malts provide a delicate sweetness balancing delicious hop character, complimenting delicate funkiness, massive tropical juiciness, New England haze, and a crisp clean finish for a 9% ABV Norwegian-American monster.

Proceeds from every purchase are invested in the FAB Conservation Fund to preserve the oceans and earth.",IPA - Imperial / Double New England,False,1,956192012,"Fri, 23 Oct 2020 00:06:46 +0000",3.5,,@AleHouseVestal,beerjoint.com,,42.096,-75.9807,3744 Vestal Pkwy E,Vestal,United States,NY,"Bearded-Beerist,xTWITTx,bakerm82,pattyb81,CaptainIrony",18.75,5,2020-10-26 23:53:55+00:00,
what-cheer-tavern,fab-fermentation-arts-atfabcans-fab-200-days-fab200,407757,What Cheer Tavern,Nightlife Spot,Nightlife Spot,4d4b7105d754a06376d81259,"{'count': 1, 'items': [{'category_key': 'pub', 'category_name': 'Pub', 'category_id': '4bf58dd8d48988d11b941735', 'is_primary': True}]}","{'venue_address': '228 New York Ave', 'venue_city': 'Providence', 'venue_state': 'RI', 'venue_country': 'United States', 'lat': 41.7909, 'lng': -71.3964}","{'twitter': '@whatcheertavern', 'venue_url': 'http://whatcheertavernri.com'}","{'foursquare_id': '504a65138302d0d1f73497a3', 'foursquare_url': 'http://4sq.com/Pw8zgm'}","{'sm': 'https://untappd.akamaized.net/venuelogos/venue_407757_e91fe719_bg_64.png', 'md': 'https://untappd.akamaized.net/venuelogos/venue_407757_e91fe719_bg_88.png', 'lg': 'https://untappd.akamaized.net/venuelogos/venue_407757_e91fe719_bg_176.png?v=1'}",True,TheBenJones,3935598,Fab 200 Days ... #fab200,https://untappd.akamaized.net/site/beer_logos/beer-3935598_27016_sm.jpeg,7.5,40,"200 days! Can you believe it? Delicate tartness. Hints of Meyer lemon pith. Hazy, lovely mosaic-hopped IPA, this FAB special release was created for our 200 day anniversary. #FAB200 is a New England IPA infused with mangoes and fresh Meyer lemon. Tart and refreshing, hiding its strength while packing a citrusy punch, this August release in our ongoing series of single-batch fruited IPAs is brimming with a aroma and the zest and fruit of Meyer lemons. ",IPA - New England,False,1,956231850,"Fri, 23 Oct 2020 01:31:10 +0000",0.0,,@whatcheertavern,http://whatcheertavernri.com,,41.7909,-71.3964,228 New York Ave,Providence,United States,RI,TheBenJones,0.0,1,2020-10-23 01:31:10+00:00,
the-lighthouse,fab-fermentation-arts-atfabcans-atlantis-will-prevail-fabatlantis,382150,The Lighthouse,Nightlife Spot,Nightlife Spot,4d4b7105d754a06376d81259,"{'count': 1, 'items': [{'category_key': 'bar', 'category_name': 'Bar', 'category_id': '4bf58dd8d48988d116941735', 'is_primary': True}]}","{'venue_address': '108 Sewall St', 'venue_city': 'Ludlow', 'venue_state': 'MA', 'venue_country': 'United States', 'lat': 42.1596, 'lng': -72.48}","{'twitter': '@LightHouse_108', 'venue_url': 'https://www.facebook.com/The-Lighthouse-328577149583/'}","{'foursquare_id': '4d574c74cf1b3704db10cb3f', 'foursquare_url': 'http://4sq.com/hJwdCo'}","{'sm': 'https://untappd.akamaized.net/venuelogos/venue_382150_160145db_bg_64.png', 'md': 'https://untappd.akamaized.net/venuelogos/venue_382150_160145db_bg_88.png', 'lg': 'https://untappd.akamaized.net/venuelogos/venue_382150_160145db_bg_176.png?v=1'}",True,jjdaly,3703391,Atlantis Will Prevail ... #fabatlantis,https://untappd.akamaized.net/site/beer_logos/beer-3703391_e90cf_sm.jpeg,9.0,0,"Hazy, Juicy New England 2xIPA (9%). Mosaic and Citra dry-hopped. Delicately funky, from hot fermentations of Norwegian Ale Yeast in equal-input collaboration with Oslo Brewing Co., AWPTBTS is a one-of-a-kind New England 2xIPA. Mosaic and Citra hops are added at multiple stages, starting in the earliest steps of the mash continuing through multiple rounds of dry-hopping during vigorous fermentation to create suspension of fine haze and juicy flavor. The beer is capped 24 hours before the end of fermentation in order to capture naturally occurring carbon dioxide and maximize flavor and aroma potential. This creates a fine, prickly carbonation and a delicious champagne-like effervescence. The balanced grain bill comprised of golden promise and pilsner malts provide a delicate sweetness balancing delicious hop character, complimenting delicate funkiness, massive tropical juiciness, New England haze, and a crisp clean finish for a 9% ABV Norwegian-American monster.

Proceeds from every purchase are invested in the FAB Conservation Fund to preserve the oceans and earth.",IPA - Imperial / Double New England,False,1,956276483,"Fri, 23 Oct 2020 05:06:52 +0000",4.0,,@LightHouse_108,https://www.facebook.com/The-Lighthouse-328577149583/,,42.1596,-72.48,108 Sewall St,Ludlow,United States,MA,"jjdaly,Badassbeers",9.0,2,2020-10-23 21:34:33+00:00,
broadsheet-coffee-roasters,fab-fermentation-arts-atfabcans-cosmic-plankton,6579031,Broadsheet Coffee Roasters,Food,Food,4d4b7105d754a06374d81259,"{'count': 1, 'items': [{'category_key': 'coffee_shop', 'category_name': 'Coffee Shop', 'category_id': '4bf58dd8d48988d1e0931735', 'is_primary': True}]}","{'venue_address': '100 Kirkland St', 'venue_city': 'Cambridge', 'venue_state': 'MA', 'venue_country': 'United States', 'lat': 42.378, 'lng': -71.1073}","{'twitter': '@broadsheetroast', 'venue_url': 'http://broadsheetcoffee.com'}","{'foursquare_id': '5957a5d459fe5c1d1e77681b', 'foursquare_url': 'http://4sq.com/2syhlT0'}","{'sm': 'https://ss3.4sqi.net/img/categories_v2/food/coffeeshop_bg_64.png', 'md': 'https://ss3.4sqi.net/img/categories_v2/food/coffeeshop_bg_88.png', 'lg': 'https://ss3.4sqi.net/img/categories_v2/food/coffeeshop_bg_512.png'}",False,DHPflaumer,3999010,Cosmic Plankton,https://untappd.akamaized.net/site/assets/images/temp/badge-beer-default.png,4.0,0,Tart ale w/ pink guava & blood orange,Sour - Fruited Gose,False,1,956535571,"Fri, 23 Oct 2020 20:47:08 +0000",0.0,,@broadsheetroast,http://broadsheetcoffee.com,,42.378,-71.1073,100 Kirkland St,Cambridge,United States,MA,DHPflaumer,0.0,1,2020-10-23 20:47:08+00:00,
homespun-foods,fab-fermentation-arts-atfabcans-cosmic-plankton,713114,Homespun Foods,Food,Food,4d4b7105d754a06374d81259,"{'count': 1, 'items': [{'category_key': 'american_restaurant', 'category_name': 'American Restaurant', 'category_id': '4bf58dd8d48988d14e941735', 'is_primary': True}]}","{'venue_address': '232 Main St', 'venue_city': 'Beacon', 'venue_state': 'NY', 'venue_country': 'United States', 'lat': 41.5069, 'lng': -73.9727}","{'twitter': '', 'venue_url': 'http://homespunfoods.com'}","{'foursquare_id': '4b12ada9f964a5202c8c23e3', 'foursquare_url': 'http://4sq.com/d8hcdr'}","{'sm': 'https://ss3.4sqi.net/img/categories_v2/food/default_bg_64.png', 'md': 'https://ss3.4sqi.net/img/categories_v2/food/default_bg_88.png', 'lg': 'https://ss3.4sqi.net/img/categories_v2/food/default_bg_512.png'}",False,Rfil1023,3999010,Cosmic Plankton,https://untappd.akamaized.net/site/assets/images/temp/badge-beer-default.png,4.0,0,Tart ale w/ pink guava & blood orange,Sour - Fruited Gose,False,1,956619776,"Fri, 23 Oct 2020 22:40:47 +0000",4.5,,,http://homespunfoods.com,,41.5069,-73.9727,232 Main St,Beacon,United States,NY,Rfil1023,4.5,1,2020-10-23 22:40:47+00:00,
milk-hops-chelsea,fab-fermentation-arts-atfabcans-fab-200-days-fab200,4206580,Milk & Hops Chelsea,Nightlife Spot,Nightlife Spot,4d4b7105d754a06376d81259,"{'count': 3, 'items': [{'category_key': 'beer_bar', 'category_name': 'Beer Bar', 'category_id': '56aa371ce4b08b9a8d57356c', 'is_primary': True}, {'category_key': 'beer_store', 'category_name': 'Beer Store', 'category_id': '5370f356bcbc57f1066c94c2', 'is_primary': False}, {'category_key': 'cheese_shop', 'category_name': 'Cheese Shop', 'category_id': '4bf58dd8d48988d11e951735', 'is_primary': False}]}","{'venue_address': '166 9th Ave', 'venue_city': 'New York', 'venue_state': 'NY', 'venue_country': 'United States', 'lat': 40.7448, 'lng': -74.0026}","{'twitter': '@milkandhopsch', 'venue_url': 'http://milkandhops.com'}","{'foursquare_id': '5699bc8e498ed04928d4ee79', 'foursquare_url': 'http://4sq.com/1Qcom4S'}","{'sm': 'https://ss3.4sqi.net/img/categories_v2/nightlife/pub_bg_64.png', 'md': 'https://ss3.4sqi.net/img/categories_v2/nightlife/pub_bg_88.png', 'lg': 'https://ss3.4sqi.net/img/categories_v2/nightlife/pub_bg_512.png'}",False,Axv136,3935598,Fab 200 Days ... #fab200,https://untappd.akamaized.net/site/beer_logos/beer-3935598_27016_sm.jpeg,7.5,40,"200 days! Can you believe it? Delicate tartness. Hints of Meyer lemon pith. Hazy, lovely mosaic-hopped IPA, this FAB special release was created for our 200 day anniversary. #FAB200 is a New England IPA infused with mangoes and fresh Meyer lemon. Tart and refreshing, hiding its strength while packing a citrusy punch, this August release in our ongoing series of single-batch fruited IPAs is brimming with a aroma and the zest and fruit of Meyer lemons. ",IPA - New England,False,1,956753832,"Sat, 24 Oct 2020 01:57:20 +0000",2.0,,@milkandhopsch,http://milkandhops.com,,40.7448,-74.0026,166 9th Ave,New York,United States,NY,Axv136,2.0,1,2020-10-24 01:57:20+00:00,
forked-river-wines-and-spirits,fab-fermentation-arts-atfabcans-chaos-2020-fabshog2020,8707118,Forked River Wines and Spirits,Shop & Service,Shop & Service,4d4b7105d754a06378d81259,"{'count': 2, 'items': [{'category_key': 'liquor_store', 'category_name': 'Liquor Store', 'category_id': '4bf58dd8d48988d186941735', 'is_primary': True}, {'category_key': 'bar', 'category_name': 'Bar', 'category_id': '4bf58dd8d48988d116941735', 'is_primary': False}]}","{'venue_address': '344 U.S. 9', 'venue_city': 'Lacey Township', 'venue_state': 'NJ', 'venue_country': 'United States', 'lat': 39.8523, 'lng': -74.1827}","{'twitter': '@FSpirtis', 'venue_url': 'https://www.forkedriverwinesandspirits.com'}","{'foursquare_id': '5c4f49975a2c91002c12813d', 'foursquare_url': 'https://4sq.com/2WmOwJv'}","{'sm': 'https://untappd.akamaized.net/venuelogos/venue_8707118_df19124a_bg_64.png', 'md': 'https://untappd.akamaized.net/venuelogos/venue_8707118_df19124a_bg_88.png', 'lg': 'https://untappd.akamaized.net/venuelogos/venue_8707118_df19124a_bg_176.png?v=1'}",True,Geoffnice,3872850,Chaos 2020... #fabshog2020,https://untappd.akamaized.net/site/beer_logos/beer-3872850_64e47_sm.jpeg,13.0,0,"""Strawberry banana, juicyfruit yeast ester. Smells a little like milkshake ipa. Sweet vanilla spice flavor. Creamy and thick. Deep blood orange develops after creamsicle pineapple. Not boozy, slowly warms the throat.""
 -- as written by our customer Stefan 


can artists:
@septictheoutlaw
@adam_oday
",IPA - Triple New England,False,1,957225909,"Sat, 24 Oct 2020 21:01:08 +0000",4.25,,@FSpirtis,https://www.forkedriverwinesandspirits.com,,39.8523,-74.1827,344 U.S. 9,Lacey Township,United States,NJ,Geoffnice,4.25,1,2020-10-24 21:01:08+00:00,
liam-maguire-s-irish-pub,fab-fermentation-arts-atfabcans-johnny-get-your-ray-gun-fabraygun,204414,Liam Maguire's Irish Pub,Nightlife Spot,Nightlife Spot,4d4b7105d754a06376d81259,"{'count': 2, 'items': [{'category_key': 'pub', 'category_name': 'Pub', 'category_id': '4bf58dd8d48988d11b941735', 'is_primary': True}, {'category_key': 'seafood_restaurant', 'category_name': 'Seafood Restaurant', 'category_id': '4bf58dd8d48988d1ce941735', 'is_primary': False}]}","{'venue_address': '273 Main St', 'venue_city': 'Falmouth', 'venue_state': 'MA', 'venue_country': 'United States', 'lat': 41.5521, 'lng': -70.6146}","{'twitter': '', 'venue_url': 'http://liammaguiresirishpub.com'}","{'foursquare_id': '4b0da7aaf964a5203e4d23e3', 'foursquare_url': 'http://4sq.com/bmmvR2'}","{'sm': 'https://ss3.4sqi.net/img/categories_v2/nightlife/pub_bg_64.png', 'md': 'https://ss3.4sqi.net/img/categories_v2/nightlife/pub_bg_88.png', 'lg': 'https://ss3.4sqi.net/img/categories_v2/nightlife/pub_bg_512.png'}",False,Cmassi18,3684332,Johnny Get Your Ray Gun ... #fabraygun,https://untappd.akamaized.net/site/beer_logos/beer-3684332_5404a_sm.jpeg,9.0,0,Get in the jeep... and grab your raygun! This is the Double Dry-hopped version of TREMENDOUS.,IPA - Imperial / Double New England,False,1,957496379,"Sun, 25 Oct 2020 03:10:19 +0000",4.0,,,http://liammaguiresirishpub.com,,41.5521,-70.6146,273 Main St,Falmouth,United States,MA,Cmassi18,4.0,1,2020-10-25 03:10:19+00:00,raygun
city-tap-house,fab-fermentation-arts-atfabcans-plankton-fabplankton,5778230,City Tap Fort Point,Food,Food,4d4b7105d754a06374d81259,"{'count': 2, 'items': [{'category_key': 'new_american_restaurant', 'category_name': 'New American Restaurant', 'category_id': '4bf58dd8d48988d157941735', 'is_primary': True}, {'category_key': 'beer_bar', 'category_name': 'Beer Bar', 'category_id': '56aa371ce4b08b9a8d57356c', 'is_primary': False}]}","{'venue_address': '10 Boston Wharf Rd', 'venue_city': 'Boston', 'venue_state': 'MA', 'venue_country': 'United States', 'lat': 42.3499, 'lng': -71.0469}","{'twitter': '@CityTapBoston', 'venue_url': 'http://www.boston.citytap.com'}","{'foursquare_id': '58503e9c6cea3f5efb665284', 'foursquare_url': 'http://4sq.com/2hrKtHc'}","{'sm': 'https://untappd.akamaized.net/venuelogos/venue_5778230_0ce5bae7_bg_64.png', 'md': 'https://untappd.akamaized.net/venuelogos/venue_5778230_0ce5bae7_bg_88.png', 'lg': 'https://untappd.akamaized.net/venuelogos/venue_5778230_0ce5bae7_bg_176.png?v=1'}",True,matt_taylor_5205,3872852,Plankton ... #fabplankton,https://untappd.akamaized.net/site/beer_logos/beer-3872852_e6031_sm.jpeg,4.5,0,,IPA - Session / India Session Ale,False,1,957703714,"Sun, 25 Oct 2020 19:24:02 +0000",3.75,,@CityTapBoston,http://www.boston.citytap.com,,42.3499,-71.0469,10 Boston Wharf Rd,Boston,United States,MA,matt_taylor_5205,3.75,1,2020-10-25 19:24:02+00:00,
five-horses-tavern,fab-fermentation-arts-atfabcans-pilsner-4-peace-fabp4p,90069,Five Horses Tavern,Food,Food,4d4b7105d754a06374d81259,"{'count': 1, 'items': [{'category_key': 'gastropub', 'category_name': 'Gastropub', 'category_id': '4bf58dd8d48988d155941735', 'is_primary': True}]}","{'venue_address': '400 HIGHLAND AVE.', 'venue_city': 'Somerville', 'venue_state': 'MA', 'venue_country': 'United States', 'lat': 42.3958, 'lng': -71.1208}","{'twitter': '@5HorsesTavern', 'venue_url': 'http://www.fivehorsestavern.com/somerville/'}","{'foursquare_id': '4e5d79ae7d8bcd38b7e2e945', 'foursquare_url': 'http://4sq.com/o13Znk'}","{'sm': 'https://untappd.akamaized.net/venuelogos/venue_90069_b2536d52_bg_64.png', 'md': 'https://untappd.akamaized.net/venuelogos/venue_90069_b2536d52_bg_88.png', 'lg': 'https://untappd.akamaized.net/venuelogos/venue_90069_b2536d52_bg_176.png?v=1'}",True,HoppyCoconut,3657979,Pilsner 4 Peace ... #fabp4p,https://untappd.akamaized.net/site/beer_logos/beer-3657979_7e349_sm.jpeg,5.0,35,"American-style Pilsner, with subtle layers of Mandarina Bavaria and Citra hops, created in partnership between brewers and international, activist artists. In-keeping with the American Pilsner style, P4P's assertive hoppiness is infused in multiple stages of mash and biotransformational, ""High Krausen"" dry-hopping. Clean and easy-drinking, with some sweetness and counter-balancing bitterness, the PILSNER 4 PEACE is envisioned as an international open-source collaboration beer. Participating breweries are invited to collaborate on this open recipe, and all they have to do is pay local artists a fair price to contribute to our global art series.",Pilsner - Other,False,1,957868002,"Mon, 26 Oct 2020 01:13:32 +0000",4.0,,@5HorsesTavern,http://www.fivehorsestavern.com/somerville/,,42.3958,-71.1208,400 HIGHLAND AVE.,Somerville,United States,MA,HoppyCoconut,4.0,1,2020-10-26 01:13:32+00:00,p4p
union-straw,fab-fermentation-arts-atfabcans-johnny-get-your-ray-gun-fabraygun,8583233,UNION STRAW,Food,Food,4d4b7105d754a06374d81259,"{'count': 2, 'items': [{'category_key': 'new_american_restaurant', 'category_name': 'New American Restaurant', 'category_id': '4bf58dd8d48988d157941735', 'is_primary': True}, {'category_key': 'bar', 'category_name': 'Bar', 'category_id': '4bf58dd8d48988d116941735', 'is_primary': False}]}","{'venue_address': '8 Mechanic St', 'venue_city': 'Foxborough', 'venue_state': 'MA', 'venue_country': 'United States', 'lat': 42.0658, 'lng': -71.2492}","{'twitter': '@unionstraw', 'venue_url': 'http://unionstraw.com'}","{'foursquare_id': '5bd25e5c9ef8ef0039fa54a2', 'foursquare_url': 'https://4sq.com/2D5Fkmo'}","{'sm': 'https://untappd.akamaized.net/venuelogos/venue_8583233_49129d79_bg_64.png', 'md': 'https://untappd.akamaized.net/venuelogos/venue_8583233_49129d79_bg_88.png', 'lg': 'https://untappd.akamaized.net/venuelogos/venue_8583233_49129d79_bg_176.png?v=1'}",True,Cbzipp,3684332,Johnny Get Your Ray Gun ... #fabraygun,https://untappd.akamaized.net/site/beer_logos/beer-3684332_5404a_sm.jpeg,9.0,0,Get in the jeep... and grab your raygun! This is the Double Dry-hopped version of TREMENDOUS.,IPA - Imperial / Double New England,False,1,958024295,"Mon, 26 Oct 2020 23:58:21 +0000",3.75,,@unionstraw,http://unionstraw.com,,42.0658,-71.2492,8 Mechanic St,Foxborough,United States,MA,Cbzipp,3.75,1,2020-10-26 23:58:21+00:00,raygun
picco,fab-fermentation-arts-atfabcans-atlantis-will-prevail-fabatlantis,1062,Picco,Food,Food,4d4b7105d754a06374d81259,"{'count': 3, 'items': [{'category_key': 'pizza_place', 'category_name': 'Pizza Place', 'category_id': '4bf58dd8d48988d1ca941735', 'is_primary': True}, {'category_key': 'italian_restaurant', 'category_name': 'Italian Restaurant', 'category_id': '4bf58dd8d48988d110941735', 'is_primary': False}, {'category_key': 'bar', 'category_name': 'Bar', 'category_id': '4bf58dd8d48988d116941735', 'is_primary': False}]}","{'venue_address': '513 Tremont St', 'venue_city': 'Boston', 'venue_state': 'MA', 'venue_country': 'United States', 'lat': 42.3448, 'lng': -71.0705}","{'twitter': '@piccorestaurant', 'venue_url': 'http://www.piccorestaurant.com'}","{'foursquare_id': '49fb126bf964a520146e1fe3', 'foursquare_url': 'http://4sq.com/5Zlqbu'}","{'sm': 'https://ss3.4sqi.net/img/categories_v2/food/pizza_bg_64.png', 'md': 'https://ss3.4sqi.net/img/categories_v2/food/pizza_bg_88.png', 'lg': 'https://ss3.4sqi.net/img/categories_v2/food/pizza_bg_512.png'}",False,AllThatAles,3703391,Atlantis Will Prevail ... #fabatlantis,https://untappd.akamaized.net/site/beer_logos/beer-3703391_e90cf_sm.jpeg,9.0,0,"Hazy, Juicy New England 2xIPA (9%). Mosaic and Citra dry-hopped. Delicately funky, from hot fermentations of Norwegian Ale Yeast in equal-input collaboration with Oslo Brewing Co., AWPTBTS is a one-of-a-kind New England 2xIPA. Mosaic and Citra hops are added at multiple stages, starting in the earliest steps of the mash continuing through multiple rounds of dry-hopping during vigorous fermentation to create suspension of fine haze and juicy flavor. The beer is capped 24 hours before the end of fermentation in order to capture naturally occurring carbon dioxide and maximize flavor and aroma potential. This creates a fine, prickly carbonation and a delicious champagne-like effervescence. The balanced grain bill comprised of golden promise and pilsner malts provide a delicate sweetness balancing delicious hop character, complimenting delicate funkiness, massive tropical juiciness, New England haze, and a crisp clean finish for a 9% ABV Norwegian-American monster.

Proceeds from every purchase are invested in the FAB Conservation Fund to preserve the oceans and earth.",IPA - Imperial / Double New England,False,1,958166280,"Tue, 27 Oct 2020 21:21:57 +0000",3.75,,@piccorestaurant,http://www.piccorestaurant.com,,42.3448,-71.0705,513 Tremont St,Boston,United States,MA,AllThatAles,3.75,1,2020-10-27 21:21:57+00:00,
revolution-hall,fab-fermentation-arts-plankton-fabplankton,10283922,Revolution Hall,Food,Food,4d4b7105d754a06374d81259,"{'count': 1, 'items': [{'category_key': 'american_restaurant', 'category_name': 'American Restaurant', 'category_id': '4bf58dd8d48988d14e941735', 'is_primary': True}]}","{'venue_address': '3 Maguire Rd', 'venue_city': 'Lexington', 'venue_state': 'MA', 'venue_country': 'United States', 'lat': 42.4727936, 'lng': -71.2607117}","{'twitter': '', 'venue_url': 'https://www.craftfoodhalls.com/revolution-hall-lexington'}","{'foursquare_id': '5f89ca55fcd49f1f07d4f288', 'foursquare_url': 'https://4sq.com/3kbCXjS'}","{'sm': 'https://ss3.4sqi.net/img/categories_v2/food/default_bg_64.png', 'md': 'https://ss3.4sqi.net/img/categories_v2/food/default_bg_88.png', 'lg': 'https://ss3.4sqi.net/img/categories_v2/food/default_bg_512.png'}",False,asiekier,3872852,Plankton ... #fabplankton,https://untappd.akamaized.net/site/beer_logos/beer-3872852_e6031_sm.jpeg,4.5,0,,IPA - Session,False,1,1001549620,"Tue, 02 Mar 2021 01:23:24 +0000",3.0,,,https://www.craftfoodhalls.com/revolution-hall-lexington,,42.4727936,-71.2607117,3 Maguire Rd,Lexington,United States,MA,asiekier,3.0,1,2021-03-02 01:23:24+00:00,
franklin-ma,fab-fermentation-arts-plankton-fabplankton,830752,"Franklin, MA",Outdoors & Recreation,Outdoors & Recreation,4d4b7105d754a06377d81259,"{'count': 1, 'items': [{'category_key': 'town', 'category_name': 'Town', 'category_id': '530e33ccbcbc57f1066bbff3', 'is_primary': True}]}","{'venue_address': '', 'venue_city': 'Franklin', 'venue_state': 'MA', 'venue_country': 'United States', 'lat': 42.0798416, 'lng': -71.3819427}","{'twitter': '', 'venue_url': 'http://town.franklin.ma.us'}","{'foursquare_id': '4d1b3cb72a52b60c4ebbf5ff', 'foursquare_url': 'http://4sq.com/hQdgEF'}","{'sm': 'https://ss3.4sqi.net/img/categories_v2/parks_outdoors/neighborhood_bg_64.png', 'md': 'https://ss3.4sqi.net/img/categories_v2/parks_outdoors/neighborhood_bg_88.png', 'lg': 'https://ss3.4sqi.net/img/categories_v2/parks_outdoors/neighborhood_bg_512.png'}",False,jbkohr,3872852,Plankton ... #fabplankton,https://untappd.akamaized.net/site/beer_logos/beer-3872852_e6031_sm.jpeg,4.5,0,,IPA - Session,False,1,1002493169,"Fri, 05 Mar 2021 22:33:26 +0000",3.5,,,http://town.franklin.ma.us,,42.0798416,-71.3819427,,Franklin,United States,MA,jbkohr,3.5,1,2021-03-05 22:33:26+00:00,
pastoral-artisan-pizza-kitchen-and-bar,fab-fermentation-arts-pilsner-4-peace-fabp4p,1485171,Pastoral - Artisan Pizza + Kitchen and Bar,Food,Food,4d4b7105d754a06374d81259,"{'count': 1, 'items': [{'category_key': 'pizza_place', 'category_name': 'Pizza Place', 'category_id': '4bf58dd8d48988d1ca941735', 'is_primary': True}]}","{'venue_address': '345 Congress St', 'venue_city': 'Boston', 'venue_state': 'MA', 'venue_country': 'United States', 'lat': 42.3507614, 'lng': -71.0490189}","{'twitter': '', 'venue_url': 'http://www.pastoralfortpoint.com'}","{'foursquare_id': '513bb5aa72da99bd5074bb57', 'foursquare_url': 'http://4sq.com/WdnmB7'}","{'sm': 'https://ss3.4sqi.net/img/categories_v2/food/pizza_bg_64.png', 'md': 'https://ss3.4sqi.net/img/categories_v2/food/pizza_bg_88.png', 'lg': 'https://ss3.4sqi.net/img/categories_v2/food/pizza_bg_512.png'}",False,Docsnuff,3657979,Pilsner 4 Peace ... #fabp4p,https://untappd.akamaized.net/site/beer_logos/beer-3657979_7e349_sm.jpeg,5.0,35,"American-style Pilsner, with subtle layers of Mandarina Bavaria and Citra hops, created in partnership between brewers and international, activist artists. In-keeping with the American Pilsner style, P4P's assertive hoppiness is infused in multiple stages of mash and biotransformational, ""High Krausen"" dry-hopping. Clean and easy-drinking, with some sweetness and counter-balancing bitterness, the PILSNER 4 PEACE is envisioned as an international open-source collaboration beer. Participating breweries are invited to collaborate on this open recipe, and all they have to do is pay local artists a fair price to contribute to our global art series.",Pilsner - Other,False,1,1008279764,"Sun, 21 Mar 2021 01:54:08 +0000",3.75,,,http://www.pastoralfortpoint.com,,42.3507614,-71.0490189,345 Congress St,Boston,United States,MA,Docsnuff,3.75,1,2021-03-21 01:54:08+00:00,p4p
city-line-bar-and-grill,fab-fermentation-arts-cosmic-plankton,2090613,City Line Bar and Grill,Nightlife Spot,Nightlife Spot,4d4b7105d754a06376d81259,"{'count': 1, 'items': [{'category_key': 'bar', 'category_name': 'Bar', 'category_id': '4bf58dd8d48988d116941735', 'is_primary': True}]}","{'venue_address': '1200 Western Ave', 'venue_city': 'Albany', 'venue_state': 'NY', 'venue_country': 'United States', 'lat': 42.6771736, 'lng': -73.8264465}","{'twitter': '@citylinebar', 'venue_url': 'https://www.citylinebar.com/'}","{'foursquare_id': '5418a56f498e21780cf4e3f1', 'foursquare_url': 'http://4sq.com/1pixrHj'}","{'sm': 'https://untappd.akamaized.net/venuelogos/venue_2090613_831a6ac2_bg_64.png', 'md': 'https://untappd.akamaized.net/venuelogos/venue_2090613_831a6ac2_bg_88.png', 'lg': 'https://untappd.akamaized.net/venuelogos/venue_2090613_831a6ac2_bg_176.png?v=1'}",True,nrrodrigues,3999010,Cosmic Plankton,https://untappd.akamaized.net/site/assets/images/temp/badge-beer-default.png,4.0,0,Tart ale w/ pink guava & blood orange,Sour - Fruited Gose,False,1,1009579763,"Fri, 26 Mar 2021 15:43:05 +0000",4.5,,@citylinebar,https://www.citylinebar.com/,,42.6771736,-73.8264465,1200 Western Ave,Albany,United States,NY,"nrrodrigues,Brianrnow",8.5,2,2021-05-07 00:31:58+00:00,
napa-auto-parts-vandi-auto-supply-inc,fab-fermentation-arts-cosmic-plankton,10507377,NAPA Auto Parts - Vandi Auto Supply Inc,Shop & Service,Shop & Service,4d4b7105d754a06378d81259,"{'count': 1, 'items': [{'category_key': 'automotive_shop', 'category_name': 'Automotive Shop', 'category_id': '4bf58dd8d48988d124951735', 'is_primary': True}]}","{'venue_address': '340 School St', 'venue_city': 'Brooklyn', 'venue_state': 'CT', 'venue_country': 'United States', 'lat': 41.9225044, 'lng': -71.9003601}","{'twitter': '@napaknowhow', 'venue_url': 'https://www.napaonline.com/stores/ct/putnam/340-school-st'}","{'foursquare_id': '4ebff771b6341cd41eceb61d', 'foursquare_url': 'http://4sq.com/rVdytH'}","{'sm': 'https://ss3.4sqi.net/img/categories_v2/shops/automotive_bg_64.png', 'md': 'https://ss3.4sqi.net/img/categories_v2/shops/automotive_bg_88.png', 'lg': 'https://ss3.4sqi.net/img/categories_v2/shops/automotive_bg_512.png'}",False,Abini1997,3999010,Cosmic Plankton,https://untappd.akamaized.net/site/assets/images/temp/badge-beer-default.png,4.0,0,Tart ale w/ pink guava & blood orange,Sour - Fruited Gose,False,1,1014233583,"Wed, 07 Apr 2021 01:04:01 +0000",3.5,,@napaknowhow,https://www.napaonline.com/stores/ct/putnam/340-school-st,,41.9225044,-71.9003601,340 School St,Brooklyn,United States,CT,Abini1997,3.5,1,2021-04-07 01:04:01+00:00,
rowayton-wine,fab-fermentation-arts-cosmic-plankton,6241743,Rowayton Wine,Shop & Service,Shop & Service,4d4b7105d754a06378d81259,"{'count': 1, 'items': [{'category_key': 'wine_shop', 'category_name': 'Wine Shop', 'category_id': '4bf58dd8d48988d119951735', 'is_primary': True}]}","{'venue_address': '158 Rowayton Ave', 'venue_city': 'Norwalk', 'venue_state': 'CT', 'venue_country': 'United States', 'lat': 41.0684586, 'lng': -73.4432297}","{'twitter': '', 'venue_url': 'http://www.stewartswines.com'}","{'foursquare_id': '4c001506c30a2d7f09fa111d', 'foursquare_url': 'http://4sq.com/bqopcf'}","{'sm': 'https://ss3.4sqi.net/img/categories_v2/shops/food_wineshop_bg_64.png', 'md': 'https://ss3.4sqi.net/img/categories_v2/shops/food_wineshop_bg_88.png', 'lg': 'https://ss3.4sqi.net/img/categories_v2/shops/food_wineshop_bg_512.png'}",False,KyleLevasseur,3999010,Cosmic Plankton,https://untappd.akamaized.net/site/assets/images/temp/badge-beer-default.png,4.0,0,Tart ale w/ pink guava & blood orange,Sour - Fruited Gose,False,1,1029885306,"Thu, 20 May 2021 22:50:43 +0000",3.75,,,http://www.stewartswines.com,,41.0684586,-73.4432297,158 Rowayton Ave,Norwalk,United States,CT,KyleLevasseur,3.75,1,2021-05-20 22:50:43+00:00,
framingham-liquors,fab-fermentation-arts-tales-of-the-mosaic-marvel-fabmosaic,1439854,Framingham Liquors,Shop & Service,Shop & Service,4d4b7105d754a06378d81259,"{'count': 1, 'items': [{'category_key': 'liquor_store', 'category_name': 'Liquor Store', 'category_id': '4bf58dd8d48988d186941735', 'is_primary': True}]}","{'venue_address': '1 Marble St', 'venue_city': 'Framingham', 'venue_state': 'MA', 'venue_country': 'United States', 'lat': 42.2772369, 'lng': -71.4118347}","{'twitter': '', 'venue_url': 'http://framinghamliquors.com'}","{'foursquare_id': '4bf727265efe2d7f568a6834', 'foursquare_url': 'http://4sq.com/deVroj'}","{'sm': 'https://ss3.4sqi.net/img/categories_v2/shops/food_liquor_bg_64.png', 'md': 'https://ss3.4sqi.net/img/categories_v2/shops/food_liquor_bg_88.png', 'lg': 'https://ss3.4sqi.net/img/categories_v2/shops/food_liquor_bg_512.png'}",False,sherlock_degro,3914666,Tales of the Mosaic Marvel... #fabmosaic,https://untappd.akamaized.net/site/beer_logos/beer-3914666_13c8a_sm.jpeg,7.5,0,"Lemon and peach gummies with over-ripe strawberry aroma. Near purple drink notes are prominent. Honey nut cheerios malt aroma. Yeast esters underline and melds with Mosaic’s fruit candy notes. Medium body, with fruit-cocktail flavors. Tangy fruitiness lingers with little to no bitterness.",IPA - New England / Hazy,False,1,1033142089,"Sat, 29 May 2021 01:01:49 +0000",4.75,,,http://framinghamliquors.com,,42.2772369,-71.4118347,1 Marble St,Framingham,United States,MA,sherlock_degro,4.75,1,2021-05-29 01:01:49+00:00,marvel
miss-hall-s-school,fab-fermentation-arts-cosmic-plankton,3198415,Miss Hall's School,Professional & Other Places,Professional & Other Places,4d4b7105d754a06375d81259,"{'count': 1, 'items': [{'category_key': 'high_school', 'category_name': 'High School', 'category_id': '4bf58dd8d48988d13d941735', 'is_primary': True}]}","{'venue_address': '492 Holmes Rd', 'venue_city': 'Pittsfield', 'venue_state': 'MA', 'venue_country': 'United States', 'lat': 42.4260483, 'lng': -73.2438736}","{'twitter': '@misshallsschool', 'venue_url': 'http://www.misshalls.org'}","{'foursquare_id': '4c372216ae2da5937042fec5', 'foursquare_url': 'http://4sq.com/asO5Ms'}","{'sm': 'https://ss3.4sqi.net/img/categories_v2/building/school_bg_64.png', 'md': 'https://ss3.4sqi.net/img/categories_v2/building/school_bg_88.png', 'lg': 'https://ss3.4sqi.net/img/categories_v2/building/school_bg_512.png'}",False,DonKryz,3999010,Cosmic Plankton,https://untappd.akamaized.net/site/assets/images/temp/badge-beer-default.png,4.0,0,Tart ale w/ pink guava & blood orange,Sour - Fruited Gose,False,1,1037481002,"Tue, 08 Jun 2021 04:18:38 +0000",4.0,,@misshallsschool,http://www.misshalls.org,,42.4260483,-73.2438736,492 Holmes Rd,Pittsfield,United States,MA,DonKryz,4.0,1,2021-06-08 04:18:38+00:00,
liam-maguire-s-irish-pub,fab-fermentation-arts-johnny-get-your-ray-gun-fabraygun,204414,Liam Maguire's Irish Pub,Nightlife Spot,Nightlife Spot,4d4b7105d754a06376d81259,"{'count': 2, 'items': [{'category_key': 'pub', 'category_name': 'Pub', 'category_id': '4bf58dd8d48988d11b941735', 'is_primary': True}, {'category_key': 'seafood_restaurant', 'category_name': 'Seafood Restaurant', 'category_id': '4bf58dd8d48988d1ce941735', 'is_primary': False}]}","{'venue_address': '273 Main St', 'venue_city': 'Falmouth', 'venue_state': 'MA', 'venue_country': 'United States', 'lat': 41.5520668, 'lng': -70.6146393}","{'twitter': '', 'venue_url': 'http://liammaguiresirishpub.com'}","{'foursquare_id': '4b0da7aaf964a5203e4d23e3', 'foursquare_url': 'http://4sq.com/bmmvR2'}","{'sm': 'https://ss3.4sqi.net/img/categories_v2/nightlife/pub_bg_64.png', 'md': 'https://ss3.4sqi.net/img/categories_v2/nightlife/pub_bg_88.png', 'lg': 'https://ss3.4sqi.net/img/categories_v2/nightlife/pub_bg_512.png'}",False,noftwinkle,3684332,Johnny Get Your Ray Gun ... #fabraygun,https://untappd.akamaized.net/site/beer_logos/beer-3684332_5404a_sm.jpeg,9.0,0,Get in the jeep... and grab your raygun! This is the Double Dry-hopped version of TREMENDOUS.,IPA - Imperial / Double New England / Hazy,False,1,1051943378,"Wed, 14 Jul 2021 00:17:32 +0000",4.0,,,http://liammaguiresirishpub.com,,41.5520668,-70.6146393,273 Main St,Falmouth,United States,MA,noftwinkle,4.0,1,2021-07-14 00:17:32+00:00,raygun
three-belles-marina,fab-fermentation-arts-cosmic-plankton,810168,Three Belles Marina,Outdoors & Recreation,Outdoors & Recreation,4d4b7105d754a06377d81259,"{'count': 3, 'items': [{'category_key': 'harbor_marina', 'category_name': 'Harbor / Marina', 'category_id': '4bf58dd8d48988d1e0941735', 'is_primary': True}, {'category_key': 'breakfast_spot', 'category_name': 'Breakfast Spot', 'category_id': '4bf58dd8d48988d143941735', 'is_primary': False}, {'category_key': 'other_great_outdoors', 'category_name': 'Other Great Outdoors', 'category_id': '4bf58dd8d48988d162941735', 'is_primary': False}]}","{'venue_address': '113 Oswegatchie Hills Rd', 'venue_city': 'Niantic', 'venue_state': 'CT', 'venue_country': 'United States', 'lat': 41.3386612, 'lng': -72.1901093}","{'twitter': '@3bellesmarina', 'venue_url': 'http://www.threebellesmarina.com'}","{'foursquare_id': '4c14c0c682a3c9b65eb5fdf8', 'foursquare_url': 'http://4sq.com/aZvrF4'}","{'sm': 'https://ss3.4sqi.net/img/categories_v2/parks_outdoors/harbor_bg_64.png', 'md': 'https://ss3.4sqi.net/img/categories_v2/parks_outdoors/harbor_bg_88.png', 'lg': 'https://ss3.4sqi.net/img/categories_v2/parks_outdoors/harbor_bg_512.png'}",False,cave19,3999010,Cosmic Plankton,https://untappd.akamaized.net/site/assets/images/temp/badge-beer-default.png,4.0,0,Tart ale w/ pink guava & blood orange,Sour - Fruited Gose,False,1,1074946960,"Wed, 08 Sep 2021 00:19:47 +0000",3.75,,@3bellesmarina,http://www.threebellesmarina.com,,41.3386612,-72.1901093,113 Oswegatchie Hills Rd,Niantic,United States,CT,cave19,3.75,1,2021-09-08 00:19:47+00:00,
chicago-marriott-midway,fab-fermentation-arts-atlantis-will-prevail-fabatlantis,625198,Chicago Marriott Midway,Travel & Transport,Travel & Transport,4d4b7105d754a06379d81259,"{'count': 1, 'items': [{'category_key': 'hotel', 'category_name': 'Hotel', 'category_id': '4bf58dd8d48988d1fa931735', 'is_primary': True}]}","{'venue_address': '6520 S Cicero Ave', 'venue_city': 'Chicago', 'venue_state': 'IL', 'venue_country': 'United States', 'lat': 41.7739906, 'lng': -87.7446136}","{'twitter': '', 'venue_url': 'https://www.marriott.com/hotels/travel/chima-chicago-marriott-midway/?y_source=1_MTI1Njc5MS00NDAtbG9jYXRpb24ud2Vic2l0ZQ=='}","{'foursquare_id': '4bce26dfc564ef3b8ec3edf0', 'foursquare_url': 'http://4sq.com/95Zyek'}","{'sm': 'https://ss3.4sqi.net/img/categories_v2/travel/hotel_bg_64.png', 'md': 'https://ss3.4sqi.net/img/categories_v2/travel/hotel_bg_88.png', 'lg': 'https://ss3.4sqi.net/img/categories_v2/travel/hotel_bg_512.png'}",False,Wstange,3703391,Atlantis Will Prevail ... #fabatlantis,https://untappd.akamaized.net/site/beer_logos/beer-3703391_e90cf_sm.jpeg,9.0,0,"Hazy, Juicy New England 2xIPA (9%). Mosaic and Citra dry-hopped. Delicately funky, from hot fermentations of Norwegian Ale Yeast in equal-input collaboration with Oslo Brewing Co., AWPTBTS is a one-of-a-kind New England 2xIPA. Mosaic and Citra hops are added at multiple stages, starting in the earliest steps of the mash continuing through multiple rounds of dry-hopping during vigorous fermentation to create suspension of fine haze and juicy flavor. The beer is capped 24 hours before the end of fermentation in order to capture naturally occurring carbon dioxide and maximize flavor and aroma potential. This creates a fine, prickly carbonation and a delicious champagne-like effervescence. The balanced grain bill comprised of golden promise and pilsner malts provide a delicate sweetness balancing delicious hop character, complimenting delicate funkiness, massive tropical juiciness, New England haze, and a crisp clean finish for a 9% ABV Norwegian-American monster.

Proceeds from every purchase are invested in the FAB Conservation Fund to preserve the oceans and earth.",IPA - Imperial / Double New England / Hazy,False,1,1081644757,"Sun, 26 Sep 2021 01:14:31 +0000",4.25,,,https://www.marriott.com/hotels/travel/chima-chicago-marriott-midway/?y_source=1_MTI1Njc5MS00NDAtbG9jYXRpb24ud2Vic2l0ZQ==,,41.7739906,-87.7446136,6520 S Cicero Ave,Chicago,United States,IL,Wstange,4.25,1,2021-09-26 01:14:31+00:00,
fairfield-inn-suites-boca-raton,fab-fermentation-arts-atlantis-will-prevail-fabatlantis,1175616,Fairfield Inn & Suites Boca Raton,Travel & Transport,Travel & Transport,4d4b7105d754a06379d81259,"{'count': 1, 'items': [{'category_key': 'hotel', 'category_name': 'Hotel', 'category_id': '4bf58dd8d48988d1fa931735', 'is_primary': True}]}","{'venue_address': '3400 Airport Rd', 'venue_city': 'Boca Raton', 'venue_state': 'FL', 'venue_country': 'United States', 'lat': 26.3804111, 'lng': -80.1098251}","{'twitter': '@southfloridaffi', 'venue_url': 'https://www.marriott.com/hotels/travel/pbiap-fairfield-inn-and-suites-boca-raton/?y_source=1_Mzg5MDE4NS00NDAtbG9jYXRpb24ud2Vic2l0ZQ=='}","{'foursquare_id': '4b48e418f964a520055c26e3', 'foursquare_url': 'http://4sq.com/9ejjoJ'}","{'sm': 'https://ss3.4sqi.net/img/categories_v2/travel/hotel_bg_64.png', 'md': 'https://ss3.4sqi.net/img/categories_v2/travel/hotel_bg_88.png', 'lg': 'https://ss3.4sqi.net/img/categories_v2/travel/hotel_bg_512.png'}",False,Wstange,3703391,Atlantis Will Prevail ... #fabatlantis,https://untappd.akamaized.net/site/beer_logos/beer-3703391_e90cf_sm.jpeg,9.0,0,"Hazy, Juicy New England 2xIPA (9%). Mosaic and Citra dry-hopped. Delicately funky, from hot fermentations of Norwegian Ale Yeast in equal-input collaboration with Oslo Brewing Co., AWPTBTS is a one-of-a-kind New England 2xIPA. Mosaic and Citra hops are added at multiple stages, starting in the earliest steps of the mash continuing through multiple rounds of dry-hopping during vigorous fermentation to create suspension of fine haze and juicy flavor. The beer is capped 24 hours before the end of fermentation in order to capture naturally occurring carbon dioxide and maximize flavor and aroma potential. This creates a fine, prickly carbonation and a delicious champagne-like effervescence. The balanced grain bill comprised of golden promise and pilsner malts provide a delicate sweetness balancing delicious hop character, complimenting delicate funkiness, massive tropical juiciness, New England haze, and a crisp clean finish for a 9% ABV Norwegian-American monster.

Proceeds from every purchase are invested in the FAB Conservation Fund to preserve the oceans and earth.",IPA - Imperial / Double New England / Hazy,False,1,1082279124,"Tue, 28 Sep 2021 04:24:38 +0000",4.25,,@southfloridaffi,https://www.marriott.com/hotels/travel/pbiap-fairfield-inn-and-suites-boca-raton/?y_source=1_Mzg5MDE4NS00NDAtbG9jYXRpb24ud2Vic2l0ZQ==,,26.3804111,-80.1098251,3400 Airport Rd,Boca Raton,United States,FL,Wstange,4.25,1,2021-09-28 04:24:38+00:00,
time-out-market-boston,fab-fermentation-arts-tales-of-the-mosaic-marvel-fabmosaic,9094692,Time Out Market Boston,Food,Food,4d4b7105d754a06374d81259,"{'count': 2, 'items': [{'category_key': 'food_court', 'category_name': 'Food Court', 'category_id': '4bf58dd8d48988d120951735', 'is_primary': True}, {'category_key': 'bar', 'category_name': 'Bar', 'category_id': '4bf58dd8d48988d116941735', 'is_primary': False}]}","{'venue_address': '401 Park Drive', 'venue_city': 'Boston', 'venue_state': 'MA', 'venue_country': 'United States', 'lat': 42.3439713, 'lng': -71.1027832}","{'twitter': '', 'venue_url': 'https://www.timeout.com/boston/time-out-market'}","{'foursquare_id': '5ceeec1fd552c7002d568cad', 'foursquare_url': 'https://4sq.com/2WyrfqJ'}","{'sm': 'https://untappd.akamaized.net/site/assets/images/temp/verfied-venue_bg_64.png', 'md': 'https://untappd.akamaized.net/site/assets/images/temp/verfied-venue_bg_88.png', 'lg': 'https://untappd.akamaized.net/site/assets/images/temp/verfied-venue_bg_176.png?v=1'}",True,steadman8,3914666,Tales of the Mosaic Marvel... #fabmosaic,https://untappd.akamaized.net/site/beer_logos/beer-3914666_13c8a_sm.jpeg,7.5,0,"Lemon and peach gummies with over-ripe strawberry aroma. Near purple drink notes are prominent. Honey nut cheerios malt aroma. Yeast esters underline and melds with Mosaic’s fruit candy notes. Medium body, with fruit-cocktail flavors. Tangy fruitiness lingers with little to no bitterness.",IPA - New England / Hazy,False,1,1122600911,"Sat, 22 Jan 2022 17:47:56 +0000",4.25,,,https://www.timeout.com/boston/time-out-market,,42.3439713,-71.1027832,401 Park Drive,Boston,United States,MA,"steadman8,ryanfitch7,gcariaga,alfallison21,Pkmoneyyy,Nwaksman,wlima1071,Ajhirning,Oliversmithuk,mitchelllima,jennifer_lima_1019,BrewMonkey617",46.75,12,2022-01-27 19:01:49+00:00,marvel
time-out-market-boston,fab-fermentation-arts-pilsner-4-peace-fabp4p,9094692,Time Out Market Boston,Food,Food,4d4b7105d754a06374d81259,"{'count': 2, 'items': [{'category_key': 'food_court', 'category_name': 'Food Court', 'category_id': '4bf58dd8d48988d120951735', 'is_primary': True}, {'category_key': 'bar', 'category_name': 'Bar', 'category_id': '4bf58dd8d48988d116941735', 'is_primary': False}]}","{'venue_address': '401 Park Drive', 'venue_city': 'Boston', 'venue_state': 'MA', 'venue_country': 'United States', 'lat': 42.3439713, 'lng': -71.1027832}","{'twitter': '', 'venue_url': 'https://www.timeout.com/boston/time-out-market'}","{'foursquare_id': '5ceeec1fd552c7002d568cad', 'foursquare_url': 'https://4sq.com/2WyrfqJ'}","{'sm': 'https://untappd.akamaized.net/site/assets/images/temp/verfied-venue_bg_64.png', 'md': 'https://untappd.akamaized.net/site/assets/images/temp/verfied-venue_bg_88.png', 'lg': 'https://untappd.akamaized.net/site/assets/images/temp/verfied-venue_bg_176.png?v=1'}",True,alfallison21,3657979,Pilsner 4 Peace ... #fabp4p,https://untappd.akamaized.net/site/beer_logos/beer-3657979_7e349_sm.jpeg,5.0,35,"American-style Pilsner, with subtle layers of Mandarina Bavaria and Citra hops, created in partnership between brewers and international, activist artists. In-keeping with the American Pilsner style, P4P's assertive hoppiness is infused in multiple stages of mash and biotransformational, ""High Krausen"" dry-hopping. Clean and easy-drinking, with some sweetness and counter-balancing bitterness, the PILSNER 4 PEACE is envisioned as an international open-source collaboration beer. Participating breweries are invited to collaborate on this open recipe, and all they have to do is pay local artists a fair price to contribute to our global art series.",Pilsner - Other,False,1,1122642348,"Sat, 22 Jan 2022 18:48:04 +0000",0.0,,,https://www.timeout.com/boston/time-out-market,,42.3439713,-71.1027832,401 Park Drive,Boston,United States,MA,"alfallison21,MassBrewBros,BostonBeerGirl_EJ,BrewMonkey617,BeerSultan,EvanObnoxious",12.25,6,2022-02-10 23:29:57+00:00,p4p
time-out-market-boston,fab-fermentation-arts-experimental-art-1-west-coast-ipa,9094692,Time Out Market Boston,Food,Food,4d4b7105d754a06374d81259,"{'count': 2, 'items': [{'category_key': 'food_court', 'category_name': 'Food Court', 'category_id': '4bf58dd8d48988d120951735', 'is_primary': True}, {'category_key': 'bar', 'category_name': 'Bar', 'category_id': '4bf58dd8d48988d116941735', 'is_primary': False}]}","{'venue_address': '401 Park Drive', 'venue_city': 'Boston', 'venue_state': 'MA', 'venue_country': 'United States', 'lat': 42.3439713, 'lng': -71.1027832}","{'twitter': '', 'venue_url': 'https://www.timeout.com/boston/time-out-market'}","{'foursquare_id': '5ceeec1fd552c7002d568cad', 'foursquare_url': 'https://4sq.com/2WyrfqJ'}","{'sm': 'https://untappd.akamaized.net/site/assets/images/temp/verfied-venue_bg_64.png', 'md': 'https://untappd.akamaized.net/site/assets/images/temp/verfied-venue_bg_88.png', 'lg': 'https://untappd.akamaized.net/site/assets/images/temp/verfied-venue_bg_176.png?v=1'}",True,Nwaksman,4687638,Experimental Art #1: West Coast IPA,https://untappd.akamaized.net/site/assets/images/temp/badge-beer-default.png,9.0,90,"Inaugural can of our 2022 launch experimental series, this beer is an exquisite fermentation. Using a combination of the hot-fermenting Nordic Kviek yeast with a West Coast strain, hops were added during high fermentation and continuously after. Effervescent, citrusy, with sweetness balanced by assertive bitterness, this beer would represent a return to traditional IPA roots if added to our portfolio. Of course, clocking in at 9%, featuring cryo hops, and a collaboration of old and new world yeasts, it does have some surprises up its sleeve.",IPA - Triple,False,1,1122698579,"Sat, 22 Jan 2022 19:53:31 +0000",4.5,,,https://www.timeout.com/boston/time-out-market,,42.3439713,-71.1027832,401 Park Drive,Boston,United States,MA,"Nwaksman,wlima1071,mitchelllima,steadman8",17.75,4,2022-01-23 13:25:02+00:00,exp1
time-out-market-boston,fab-fermentation-arts-johnny-get-your-ray-gun-fabraygun,9094692,Time Out Market Boston,Food,Food,4d4b7105d754a06374d81259,"{'count': 2, 'items': [{'category_key': 'food_court', 'category_name': 'Food Court', 'category_id': '4bf58dd8d48988d120951735', 'is_primary': True}, {'category_key': 'bar', 'category_name': 'Bar', 'category_id': '4bf58dd8d48988d116941735', 'is_primary': False}]}","{'venue_address': '401 Park Drive', 'venue_city': 'Boston', 'venue_state': 'MA', 'venue_country': 'United States', 'lat': 42.3439713, 'lng': -71.1027832}","{'twitter': '', 'venue_url': 'https://www.timeout.com/boston/time-out-market'}","{'foursquare_id': '5ceeec1fd552c7002d568cad', 'foursquare_url': 'https://4sq.com/2WyrfqJ'}","{'sm': 'https://untappd.akamaized.net/site/assets/images/temp/verfied-venue_bg_64.png', 'md': 'https://untappd.akamaized.net/site/assets/images/temp/verfied-venue_bg_88.png', 'lg': 'https://untappd.akamaized.net/site/assets/images/temp/verfied-venue_bg_176.png?v=1'}",True,Oliversmithuk,3684332,Johnny Get Your Ray Gun ... #fabraygun,https://untappd.akamaized.net/site/beer_logos/beer-3684332_5404a_sm.jpeg,9.0,0,Get in the jeep... and grab your raygun! This is the Double Dry-hopped version of TREMENDOUS.,IPA - Imperial / Double New England / Hazy,False,1,1122789389,"Sat, 22 Jan 2022 21:27:58 +0000",4.25,,,https://www.timeout.com/boston/time-out-market,,42.3439713,-71.1027832,401 Park Drive,Boston,United States,MA,Oliversmithuk,4.25,1,2022-01-22 21:27:58+00:00,raygun
dorchester-brewing-company,fab-fermentation-arts-tales-of-the-mosaic-marvel-fabmosaic,4367121,Dorchester Brewing Company,Nightlife Spot,Nightlife Spot,4d4b7105d754a06376d81259,"{'count': 4, 'items': [{'category_key': 'brewery', 'category_name': 'Brewery', 'category_id': '50327c8591d4c4b30a586d5d', 'is_primary': True}, {'category_key': 'beer_bar', 'category_name': 'Beer Bar', 'category_id': '56aa371ce4b08b9a8d57356c', 'is_primary': False}, {'category_key': 'bbq_joint', 'category_name': 'BBQ Joint', 'category_id': '4bf58dd8d48988d1df931735', 'is_primary': False}, {'category_key': 'beer_garden', 'category_name': 'Beer Garden', 'category_id': '4bf58dd8d48988d117941735', 'is_primary': False}]}","{'venue_address': '1250 Massachusetts Ave', 'venue_city': 'Boston', 'venue_state': 'MA', 'venue_country': 'United States', 'lat': 42.3221664, 'lng': -71.0621262}","{'twitter': '@dorchesterbrew', 'venue_url': 'www.dorchesterbrewing.com'}","{'foursquare_id': '56520396498e05915ac06a89', 'foursquare_url': 'http://4sq.com/1Mw6IFL'}","{'sm': 'https://untappd.akamaized.net/venuelogos/venue_4367121_833ca2a1_bg_64.png', 'md': 'https://untappd.akamaized.net/venuelogos/venue_4367121_833ca2a1_bg_88.png', 'lg': 'https://untappd.akamaized.net/venuelogos/venue_4367121_833ca2a1_bg_176.png?v=1'}",True,Nirvana59,3914666,Tales of the Mosaic Marvel... #fabmosaic,https://untappd.akamaized.net/site/beer_logos/beer-3914666_13c8a_sm.jpeg,7.5,0,"Lemon and peach gummies with over-ripe strawberry aroma. Near purple drink notes are prominent. Honey nut cheerios malt aroma. Yeast esters underline and melds with Mosaic’s fruit candy notes. Medium body, with fruit-cocktail flavors. Tangy fruitiness lingers with little to no bitterness.",IPA - New England / Hazy,False,1,1126744795,"Sat, 05 Feb 2022 20:42:43 +0000",4.0,,@dorchesterbrew,www.dorchesterbrewing.com,,42.3221664,-71.0621262,1250 Massachusetts Ave,Boston,United States,MA,"Nirvana59,SPGBeer,Kgeng45,cheddarchazzz,TimDormady,AndruFlores",23.5,6,2022-02-13 23:40:54+00:00,marvel
